{
  "sample": "Ultra-faint dwarf galaxies",
  "n_galaxies": 12,
  "mass_range_Msun": {
    "min": 3000000.0,
    "max": 1200000000.0
  },
  "MAPE": {
    "GCV_v2": 174.39342695490438,
    "MOND": 174.39342695490438,
    "delta": 0.0
  },
  "statistics": {
    "median_error": 152.7012216008107,
    "std_error": 77.06307583363485,
    "outlier_fraction": 100.0,
    "mass_correlation": 0.07829034131469485
  },
  "verdict": "ACCEPTABLE"
}