{
  "test": "GCV Derived Formula Test",
  "formula": "Delta_Sigma_GCV = norm * Delta_Sigma_base * (1 + chi_v)^0.5",
  "alpha_derived": 0.5,
  "note": "alpha=0.5 is DERIVED from Delta Sigma definition, not fitted",
  "gcv_params": {
    "a0": 1.8e-10,
    "A0": 1.16,
    "gamma": 0.06,
    "beta": 0.9
  },
  "samples": {
    "L4": {
      "N": 10,
      "GCV": {
        "norm": 0.4597656249999995,
        "chi2": 113.28798027269579,
        "chi2_red": 12.587553363632866,
        "k": 1,
        "AIC": 115.28798027269579
      },
      "LCDM": {
        "M200": 29664451877921.293,
        "c": 4.086262316780297,
        "chi2": 21.149834765800414,
        "chi2_red": 2.6437293457250517,
        "k": 2,
        "AIC": 25.149834765800414
      }
    },
    "L2": {
      "N": 9,
      "GCV": {
        "norm": 0.4231445312499995,
        "chi2": 38.70553896883412,
        "chi2_red": 4.838192371104265,
        "k": 1,
        "AIC": 40.70553896883412
      },
      "LCDM": {
        "M200": 12792175109023.662,
        "c": 3.2517311364850503,
        "chi2": 6.640272235651365,
        "chi2_red": 0.9486103193787664,
        "k": 2,
        "AIC": 10.640272235651365
      }
    }
  },
  "combined": {
    "chi2_gcv": 151.9935192415299,
    "chi2_lcdm": 27.79010700145178,
    "k_gcv": 2,
    "k_lcdm": 4,
    "Delta_AIC": 120.20341224007811,
    "Delta_BIC": 118.31453428174522,
    "verdict": "LCDM FORTEMENTE FAVORITA"
  }
}