{
  "test": "Binary Pulsar",
  "Hulse_Taylor": {
    "chi_v": 1.0000000005862453,
    "dP_dt_obs": -2.4025e-12,
    "dP_dt_GR": -2.40356862536262e-12,
    "dP_dt_GCV": -2.4035686277110877e-12,
    "chi2_GR": 0.23594218298250405,
    "chi2_GCV": 0.23594322002165086
  },
  "J0737": {
    "chi_v": 1.0000000003848988,
    "dP_dt_obs": -1.252e-12,
    "dP_dt_GR": -1.2483362860785372e-12,
    "dP_dt_GCV": -1.248336286879342e-12,
    "chi2_GR": 0.04644567369660905,
    "chi2_GCV": 0.04644565339266516
  },
  "combined": {
    "total_chi2_GR": 0.2823878566791131,
    "total_chi2_GCV": 0.282388873414316,
    "delta_chi2": 1.0167352029188947e-06
  },
  "verdict": "EQUIVALENT"
}