{
  "n_particles": 4000,
  "time_myr": 150.0,
  "lcdm": {
    "final_sep": 810.1779597639409,
    "min_sep": 810.1779597639409
  },
  "gcv": {
    "final_sep": 810.1779580205108,
    "min_sep": 810.1779580205108
  },
  "difference_kpc": 1.743430061651452e-06
}