{
  "test": "Baryon Acoustic Oscillations (BAO)",
  "note": "Mock data - real SDSS/BOSS analysis needed for confirmation",
  "sound_horizon": {
    "rs_lcdm_Mpc": 102.1581326697561,
    "rs_gcv_Mpc": 102.1581326697561,
    "difference_Mpc": 0.0,
    "fractional_diff_percent": 0.0,
    "compatible": true
  },
  "bao_peak": {
    "r_obs_Mpc": 108.43659686896098,
    "r_lcdm_Mpc": 102.1581326697561,
    "r_gcv_Mpc": 102.1581326697561,
    "error_gcv_Mpc": 6.278464199204876,
    "pass": true
  },
  "chi_square": {
    "chi2_lcdm": 220.66307932917215,
    "chi2_gcv": 220.66307932917215,
    "delta_chi2": 0.0,
    "chi2_gcv_reduced": 1.1144599966119806,
    "pass": true
  },
  "verdict": "PASS",
  "credibility_boost_percent": 7
}