{
  "model": "GCV v2.1 with mass turn-off",
  "new_parameters": {
    "M_crit_Msun": 10000000000.0,
    "alpha_M": 3.0
  },
  "MAPE": {
    "v2.1_dwarfs": 49.43651037984039,
    "v2.1_normal": 12.94863872632694,
    "v2.1_overall": 34.84136171843501,
    "v2.0_dwarfs": 174.4,
    "improvement": 124.9634896201596
  },
  "interpretation": "Coherence threshold at M ~ 1.0e+10 M_sun"
}