{
  "model": "GCV v2.0 with redshift dependence",
  "new_parameters": {
    "z0": 10.0,
    "alpha_z": 2.0
  },
  "galaxy_scales": {
    "MAPE": 49.241131979025546,
    "preserves_v1": true
  },
  "cmb_epoch": {
    "redshift": 1100,
    "chi_v": 0.00023748877837071573,
    "deviation_percent": 99.97625112216294
  },
  "cmb_spectrum": {
    "chi2_v2": 1003233.2568213352,
    "chi2_lcdm": 2425.249479778507,
    "delta_chi2": 1000808.0073415567,
    "chi2_v2_reduced": 401.7754332484322
  },
  "verdict": {
    "cmb_compatible": false,
    "cmb_spectrum_pass": false,
    "final": "PARTIAL"
  }
}