{
  "best_params": {
    "a0": 1.798483264882903e-10,
    "amp0": 1.157423594475698,
    "gamma": 0.06231082943526478,
    "beta": 0.9047421818864024
  },
  "summary": {
    "mean": {
      "a0": 0.0,
      "amp0": 1.157,
      "gamma": 0.062,
      "beta": 0.905
    },
    "sd": {
      "a0": 0.0,
      "amp0": 0.129,
      "gamma": 0.036,
      "beta": 0.032
    },
    "hdi_2.5%": {
      "a0": 0.0,
      "amp0": 0.911,
      "gamma": 0.0,
      "beta": 0.842
    },
    "hdi_97.5%": {
      "a0": 0.0,
      "amp0": 1.414,
      "gamma": 0.127,
      "beta": 0.968
    },
    "mcse_mean": {
      "a0": 0.0,
      "amp0": 0.001,
      "gamma": 0.0,
      "beta": 0.0
    },
    "mcse_sd": {
      "a0": 0.0,
      "amp0": 0.001,
      "gamma": 0.0,
      "beta": 0.0
    },
    "ess_bulk": {
      "a0": 13358.0,
      "amp0": 10692.0,
      "gamma": 7849.0,
      "beta": 10547.0
    },
    "ess_tail": {
      "a0": 9652.0,
      "amp0": 10526.0,
      "gamma": 4881.0,
      "beta": 11346.0
    },
    "r_hat": {
      "a0": 1.0,
      "amp0": 1.0,
      "gamma": 1.0,
      "beta": 1.0
    }
  },
  "n_samples": 20000,
  "convergence": {
    "r_hat_max": 1.0,
    "ess_bulk_min": 7849.0
  }
}