{
  "verdict": "GCV_WINS",
  "score": {
    "GCV": 4,
    "LCDM": 0
  },
  "GCV": {
    "parameters": {
      "amp0": 0.9344389383337782,
      "gamma": 0.09904072808639358,
      "beta": 0.9025207436596097
    },
    "chi2": 24.400127291498393,
    "AIC": 30.400127291498393,
    "BIC": 33.387324112160364
  },
  "LCDM": {
    "parameters": {
      "M200_Mstar": 100.0,
      "concentration": 2.0
    },
    "chi2": 218.9188411741828,
    "AIC": 222.9188411741828,
    "BIC": 224.9103057212908
  },
  "datasets": {
    "SDSS_LRG_L1": {
      "chi2_GCV": 10.388769449909548,
      "chi2_NFW": 51.04949163751429,
      "p_GCV": 0.01553473682109241,
      "p_NFW": 4.774736162005411e-11
    },
    "SDSS_LRG_L2": {
      "chi2_GCV": 4.780268207184109,
      "chi2_NFW": 62.425114050945396,
      "p_GCV": 0.18861242629942132,
      "p_NFW": 1.7819079545233762e-13
    },
    "COSMOS_M10.5": {
      "chi2_GCV": 2.0464048571658155,
      "chi2_NFW": 56.349581201750986,
      "p_GCV": 0.5628312789827601,
      "p_NFW": 3.537836690270524e-12
    },
    "COSMOS_M11.0": {
      "chi2_GCV": 7.184684777238919,
      "chi2_NFW": 49.09465428397212,
      "p_GCV": 0.06623849297346651,
      "p_NFW": 1.245313852038521e-10
    }
  }
}