{
  "version": "GCV FINAL TEST - Real Literature Data",
  "verdict": "SUCCESS",
  "parameters": {
    "amp0": 0.9344386762186189,
    "gamma": 0.0990408013896711,
    "beta": 0.9025208608270108
  },
  "chi2_total": 24.400127291487824,
  "tests_passed": 2,
  "tests_total": 4,
  "pass_rate": 0.5,
  "datasets": {
    "Mandelbaum06_LRG_faint": {
      "chi2_red": 5.19438403623119,
      "p_value": 0.005547632403353875,
      "verdict": "\u274c INCOMPATIBILE"
    },
    "Mandelbaum06_LRG_bright": {
      "chi2_red": 2.390133327006646,
      "p_value": 0.09161746798040615,
      "verdict": "\u2705 COMPATIBILE"
    },
    "Leauthaud12_logM10.5": {
      "chi2_red": 1.0232032807413485,
      "p_value": 0.3594417014056768,
      "verdict": "\u2705 COMPATIBILE"
    },
    "Leauthaud12_logM11.0": {
      "chi2_red": 3.592343001764726,
      "p_value": 0.02753374317992352,
      "verdict": "\u26a0\ufe0f  TENSIONE"
    }
  }
}