{
  "version": "GCV v6.0 - Alternative Kernels",
  "verdict": "NO_IMPROVEMENT",
  "best_kernel": "Esponenziale",
  "chi2_minimum": 101.45154540329379,
  "all_kernels": {
    "Lorentziano": {
      "chi2": 121.06664568490537
    },
    "Gaussiano": {
      "chi2": 120.94642799558879
    },
    "Esponenziale": {
      "chi2": 101.45154540329379
    },
    "Power-law \u03b1=1": {
      "chi2": 103.03363965853595
    },
    "Power-law \u03b1=0.5": {
      "chi2": 112.97663074105304
    },
    "Logaritmico": {
      "chi2": 116.26168687625065
    },
    "Cut-off": {
      "chi2": 128.60045931933087
    }
  }
}