{
  "test": "External Field Effect",
  "description": "Unique prediction of GCV/MOND - external field suppresses chi_v",
  "satellites": {
    "Sagittarius": {
      "d_MW_kpc": 20,
      "g_ext_over_a0": 1.935961184434628,
      "chi_v_isolated": 2.0514566602436917,
      "chi_v_EFE": 1.3581303001613656,
      "suppression_percent": 65.93960419839242
    },
    "Fornax": {
      "d_MW_kpc": 138,
      "g_ext_over_a0": 0.04066291082618415,
      "chi_v_isolated": 2.0024565717691054,
      "chi_v_EFE": 1.9632865372066093,
      "suppression_percent": 3.907404636329534
    },
    "Sculptor": {
      "d_MW_kpc": 86,
      "g_ext_over_a0": 0.10470314680555047,
      "chi_v_isolated": 2.052765430715778,
      "chi_v_EFE": 1.952984911611812,
      "suppression_percent": 9.477944107276107
    },
    "Draco": {
      "d_MW_kpc": 76,
      "g_ext_over_a0": 0.13406933410212105,
      "chi_v_isolated": 2.188438890429607,
      "chi_v_EFE": 2.047942003802203,
      "suppression_percent": 11.821969792373261
    },
    "Carina": {
      "d_MW_kpc": 105,
      "g_ext_over_a0": 0.07023895453731076,
      "chi_v_isolated": 2.1880411984888912,
      "chi_v_EFE": 2.110070973825195,
      "suppression_percent": 6.562922629524051
    },
    "Leo_I": {
      "d_MW_kpc": 254,
      "g_ext_over_a0": 0.012002983349461394,
      "chi_v_isolated": 1.8426566853175488,
      "chi_v_EFE": 1.8326622541453177,
      "suppression_percent": 1.1860620518859069
    },
    "Leo_II": {
      "d_MW_kpc": 233,
      "g_ext_over_a0": 0.014264113794209714,
      "chi_v_isolated": 2.088696535193278,
      "chi_v_EFE": 2.07338564027532,
      "suppression_percent": 1.4063510283184406
    }
  },
  "crater2": {
    "sigma_obs": 2.7,
    "sigma_Newton": 6.253399711661567,
    "sigma_GCV_iso": 9.275281270308191,
    "sigma_GCV_efe": 9.145277858160968,
    "verdict": "EFE IMPROVES FIT!"
  },
  "key_prediction": "Satellites near massive hosts have suppressed chi_v",
  "LCDM_prediction": "No suppression - internal dynamics independent of external field",
  "verdict": "EFE is a UNIQUE, TESTABLE prediction that distinguishes GCV from LCDM!"
}