{
  "version": "GCV v8.0 ULTIMATE",
  "verdict": "FAIL",
  "parameters": {
    "amp0": 1.373401387330562,
    "gamma": 0.09481876735194683,
    "beta": 0.8851775438514474
  },
  "chi2_total": 53.36192746472947,
  "tests_passed": 0,
  "tests_total": 4,
  "formula": "\u03c7\u1d65(R,M*) = 1.37 \u00d7 (M*/10\u00b9\u00b9)^0.095 \u00d7 [1 + (R/Lc)^0.89]",
  "datasets": {
    "Mandelbaum06_low": {
      "chi2_red": 6.685361155631876,
      "p_value": 0.0012490635659838656,
      "verdict": "\u274c INCOMPATIBILE",
      "amp_M": 1.225233220693616
    },
    "Mandelbaum06_mid": {
      "chi2_red": 6.661989972154697,
      "p_value": 0.0012785994597621642,
      "verdict": "\u274c INCOMPATIBILE",
      "amp_M": 1.373401387330562
    },
    "Mandelbaum06_high": {
      "chi2_red": 9.376982494525876,
      "p_value": 8.465025012915905e-05,
      "verdict": "\u274c INCOMPATIBILE",
      "amp_M": 1.5241844655949082
    },
    "Leauthaud12_low": {
      "chi2_red": 3.9566301100522843,
      "p_value": 0.01912746325239678,
      "verdict": "\u26a0\ufe0f  TENSIONE",
      "amp_M": 1.1040245082456681
    }
  }
}