{
  "test": "Local Group Dynamics - Grand Finale",
  "system": "Milky Way + Andromeda",
  "approach_velocity": {
    "observed_km_s": 110.0,
    "gcv_km_s": 302.3936317028031,
    "lcdm_km_s": 340.31013075424715,
    "error_gcv_percent": 174.9033015480028,
    "error_lcdm_percent": 209.37284614022468
  },
  "rotation_curves": {
    "MW_error_percent": 97.77596242843563,
    "M31_error_percent": 87.02121016749231
  },
  "verdict": "BETTER",
  "pass": false,
  "credibility_boost_percent": 1
}