{
  "alpha_sigma": 1.053820707848216,
  "alpha_delta_sigma": 0.5173483155922545,
  "R_values": [
    20,
    50,
    100,
    200,
    500
  ],
  "chi_values": [
    3.5885916569160603,
    6.699881900714063,
    11.497785165167715,
    20.450989237042524,
    45.16484610775199
  ],
  "sigma_ratios": [
    5.452444899028417,
    9.333948544966516,
    15.30913626626496,
    26.394025602194073,
    56.10793233489236
  ],
  "ds_ratios": [
    3.277782958471737,
    3.966587831676839,
    4.615880167099708,
    5.355589572821461,
    6.338811146765624
  ],
  "conclusion": "alpha ~ 0.5 is likely an effective parameter, not derivable from first principles"
}