{
  "test": "GCV Realistic Profile",
  "alpha_derived": 0.5,
  "samples": {
    "L4": {
      "norm": 70.3176757812501,
      "chi2": 377.22515511756313,
      "chi2_red": 41.91390612417368,
      "DS_gcv": [
        1.8715367160777048,
        2.069042621909501,
        1.2566406899762355,
        0.6398527068776758,
        0.299334754928657,
        0.13372780518214358,
        0.058387732865968156,
        0.025382036424842585,
        0.011218054845527368,
        0.005182186563056505
      ],
      "DS_b": [
        1.1953729871194971,
        1.1135631819402239,
        0.615211672870968,
        0.29094878123683415,
        0.12816711405959916,
        0.05464272131574899,
        0.023140935605258726,
        0.009982951809749514,
        0.0045193862479363835,
        0.002211347345596854
      ]
    },
    "L2": {
      "norm": 129.8338867187502,
      "chi2": 194.70848023034827,
      "chi2_red": 24.338560028793534,
      "DS_gcv": [
        0.5599553259955815,
        0.61317748724762,
        0.3713270260361242,
        0.18886665489487728,
        0.08833257680449194,
        0.03947043082358423,
        0.017243385517563777,
        0.007503850557346766,
        0.003321942354537109
      ],
      "DS_b": [
        0.3188007881900627,
        0.28933472186513237,
        0.15800450879736566,
        0.07423038386035179,
        0.0325769055671669,
        0.013867576794207229,
        0.005877860809973763,
        0.0025457834970156255,
        0.0011612576483780374
      ]
    }
  },
  "chi2_gcv_tot": 571.9336353479114,
  "chi2_lcdm_tot": 27.79,
  "Delta_AIC": 540.1436353479114,
  "verdict": "LCDM FORTEMENTE FAVORITA"
}