{
  "test": "SPARC Transition Test",
  "mechanism": "Coherent State",
  "universal_A": 1.2461591015450848,
  "transition_strength": 0.5863255279565818,
  "expected_transition": 0.63,
  "binned_data": {
    "r_L_c": [
      0.15,
      0.4,
      0.6,
      0.85,
      1.25,
      1.75,
      2.5,
      4.0
    ],
    "chi_v_mean": [
      1.1211072664359862,
      1.186172839506173,
      1.2000413223140496,
      1.3262167125803492,
      1.7646217590866076,
      1.7198987950567755,
      2.162557189074511,
      3.032293951717848
    ],
    "chi_v_std": [
      0.0,
      0.04839506172839514,
      0.009958677685950601,
      0.03489439853076215,
      0.579504543336747,
      0.070045516676029,
      0.1995439266777712,
      0.449029717482531
    ]
  },
  "individual_fits": {
    "NGC_2403": {
      "A": 1.9493645878908246,
      "A_err": 0.31180126861898927,
      "L_c": 3.048378861835617,
      "chi2": 614.6908362269561,
      "dof": 9.0
    },
    "NGC_3198": {
      "A": 2.412370260892984,
      "A_err": 0.4877100731036202,
      "L_c": 4.399955891181897,
      "chi2": 1228.3196461105822,
      "dof": 8.0
    },
    "NGC_7331": {
      "A": 1.4336116286619973,
      "A_err": 0.2591748899258257,
      "L_c": 7.87088037654671,
      "chi2": 302.0346053733415,
      "dof": 8.0
    },
    "UGC_128": {
      "A": 3.225199723082534,
      "A_err": 0.7360192552683611,
      "L_c": 1.9677200941366775,
      "chi2": 1956.058168933051,
      "dof": 6.0
    },
    "DDO_154": {
      "A": 3.329637168395234,
      "A_err": 0.5956592043593328,
      "L_c": 0.4819910187256142,
      "chi2": 1753.1101440213588,
      "dof": 7.0
    }
  },
  "verdict": "TRANSITION CONFIRMED!"
}